City_ID,City,Lat,Lng,Max Temp,Humidity,Cloudiness,Wind Speed,Country,Date
0,puerto natales,-51.7236,-72.4875,-0.93,91,100,1.51,CL,1687228034
1,ta`u,-14.2336,-169.5144,26.88,76,2,2.47,AS,1687228034
2,port-gentil,-0.7193,8.7815,22.98,94,100,2.57,GA,1687228035
3,kingston,17.997,-76.7936,29.53,77,20,6.69,JM,1687227789
4,milford haven,51.7128,-5.0341,15.06,94,100,2.74,GB,1687228035
5,blackmans bay,-43.0167,147.3167,10.85,64,51,4.24,AU,1687228035
6,ribeira grande,38.5167,-28.7,18.76,91,100,1.79,PT,1687228035
7,adamstown,-25.066,-130.1015,23.78,81,79,10.48,PN,1687228035
8,ancud,-41.8697,-73.8203,5.73,83,4,3.47,CL,1687228035
9,thinadhoo,0.5333,72.9333,28.6,72,100,3.98,MV,1687228035
10,yambio,4.5721,28.3955,19.4,99,100,1.49,SS,1687228035
11,mersing,2.4312,103.8405,29.95,84,20,1.54,MY,1687228036
12,hermanus,-34.4187,19.2345,10.45,68,100,7.66,ZA,1687228036
13,kodiak,57.79,-152.4072,17.73,59,0,2.57,US,1687228037
14,whakatane,-37.9585,176.9854,15.84,85,100,1.79,NZ,1687227953
15,nuuk,64.1835,-51.7216,5.34,81,75,1.03,GL,1687228037
16,riviere-pilote,14.4775,-60.9035,28.95,74,20,4.63,MQ,1687228037
17,kanniyakumari,8.0833,77.5667,27.08,82,100,6.57,IN,1687228037
18,albany,42.6001,-73.9662,18.27,81,82,0.57,US,1687228037
19,port-aux-francais,-49.35,70.2167,3.05,66,68,13.57,TF,1687228038
20,al hasakah,36.5024,40.7477,21.57,60,0,3.28,SY,1687228038
21,sona,45.4388,10.8255,23.21,88,0,1.03,IT,1687228038
22,bathsheba,13.2167,-59.5167,27.34,89,40,4.12,BB,1687228038
23,fortuna,40.5982,-124.1573,14.95,73,22,2.68,US,1687228038
24,waitangi,-43.9535,-176.5597,11.57,81,58,4.02,NZ,1687228038
25,bethel,41.3712,-73.414,19.24,82,0,2.57,US,1687228039
26,olonkinbyen,70.9221,-8.7187,4.0,99,99,4.57,SJ,1687228039
27,bilibino,68.0546,166.4372,18.91,31,27,8.58,RU,1687228039
28,port elizabeth,-33.918,25.5701,12.28,68,75,14.4,ZA,1687228039
29,port mathurin,-19.6833,63.4167,24.05,65,23,9.26,MU,1687228039
30,enewetak,11.3474,162.3373,27.92,78,73,7.95,MH,1687228039
31,auki,-8.7676,160.7034,28.9,72,100,1.28,SB,1687228039
32,invercargill,-46.4,168.35,11.93,77,77,1.32,NZ,1687227804
33,edinburgh of the seven seas,-37.0676,-12.3116,15.85,95,100,11.64,SH,1687228040
34,lexington,37.9887,-84.4777,21.18,88,100,4.63,US,1687227883
35,san antonio de pale,-1.4014,5.6325,24.54,77,99,7.16,GQ,1687228040
36,kuanda,56.3161,116.0806,14.0,63,100,4.11,RU,1687228040
37,andergrove,-21.0833,149.1833,26.47,73,3,5.22,AU,1687228040
38,kon tum,14.35,108.0,27.83,69,37,1.36,VN,1687228040
39,qaqortoq,60.7167,-46.0333,1.92,86,32,0.4,GL,1687228040
40,talnakh,69.4865,88.3972,4.56,99,100,2.09,RU,1687228040
41,badger,64.8,-147.5333,20.28,41,100,3.6,US,1687228040
42,inverell,-29.7833,151.1167,14.81,41,57,1.79,AU,1687228041
43,leava,-14.3,-178.1667,26.55,72,3,5.32,WF,1687228041
44,grytviken,-54.2811,-36.5092,-2.98,83,18,5.0,GS,1687228041
45,klyavlino,54.2649,52.0267,6.07,93,100,3.49,RU,1687228041
46,rio preto da eva,-2.6994,-59.6997,22.79,98,5,0.21,BR,1687228041
47,mana,5.6592,-53.7767,25.4,89,87,1.45,GF,1687228041
48,choyr,46.3611,108.3611,22.02,30,3,3.17,MN,1687228041
49,longyearbyen,78.2186,15.6401,4.91,87,75,1.03,SJ,1687228041
50,ushuaia,-54.8,-68.3,2.81,70,0,2.06,AR,1687228041
51,ust-tsilma,65.441,52.1498,4.62,69,96,3.9,RU,1687228041
52,tanumah,27.1,44.1333,29.82,18,0,3.44,SA,1687228041
53,tumut,-35.3,148.2167,7.4,71,10,1.24,AU,1687228042
54,constantia,44.1833,28.65,16.5,85,38,3.66,RO,1687227846
55,piacabucu,-10.4056,-36.4344,24.17,87,14,4.38,BR,1687228042
56,guerrero negro,27.9769,-114.0611,18.62,78,100,8.17,MX,1687227894
57,avarua,-21.2078,-159.775,26.03,83,75,5.14,CK,1687228042
58,keflavik,64.0049,-22.5624,9.95,93,75,6.17,IS,1687228042
59,rikaze,29.25,88.8833,11.28,70,91,3.21,CN,1687228042
60,obo,5.3998,26.4869,19.83,100,100,1.66,CF,1687228043
61,reyes,-14.3167,-67.3833,18.35,95,0,0.61,BO,1687228043
62,novokuznetsk,53.7557,87.1099,25.66,47,69,3.49,RU,1687228043
63,yellowknife,62.456,-114.3525,14.29,47,20,5.14,CA,1687228043
64,santanyi,39.3546,3.1291,25.45,83,100,2.96,ES,1687228043
65,west island,-12.1568,96.8225,26.99,83,100,5.66,CC,1687228043
66,klyuchi,52.2667,79.1667,16.68,54,0,8.94,RU,1687228043
67,portland,45.5234,-122.6762,16.45,84,75,3.6,US,1687227766
68,haiku-pauwela,20.9219,-156.3051,28.01,59,20,8.75,US,1687228043
69,semey,50.4111,80.2275,22.12,53,40,9.0,KZ,1687228043
70,ezhva,61.8128,50.7283,5.88,81,0,3.0,RU,1687228043
71,hami,42.8,93.45,34.83,6,17,4.45,CN,1687228043
72,hadibu,12.65,54.0333,26.96,80,76,7.76,YE,1687228044
73,tazovsky,67.4667,78.7,2.71,88,100,3.08,RU,1687228044
74,lillehammer,61.1146,10.4674,12.47,98,77,0.59,NO,1687228044
75,lihue,21.9789,-159.3672,27.58,69,40,5.14,US,1687227871
76,al bawiti,28.3492,28.8659,21.05,71,0,3.88,EG,1687228044
77,lorengau,-2.0226,147.2712,29.39,71,60,5.02,PG,1687228044
78,bredasdorp,-34.5322,20.0403,8.7,76,96,5.14,ZA,1687228044
79,dudinka,69.4058,86.1778,4.79,93,100,3.25,RU,1687228044
80,egilsstadir,65.2653,-14.3948,7.95,87,100,4.63,IS,1687228044
81,stanley,54.868,-1.6985,12.62,93,0,0.0,GB,1687228045
82,shiqian,27.5225,108.2281,28.42,66,42,0.14,CN,1687228045
83,lompoc,34.6391,-120.4579,20.43,75,0,10.29,US,1687228045
84,ust-nera,64.5667,143.2,25.08,25,100,2.24,RU,1687228045
85,yarrawonga,-36.0167,146.0,9.28,64,47,2.63,AU,1687228045
86,dalandzadgad,43.5708,104.425,24.49,16,41,1.03,MN,1687228045
87,tshikapa,-6.4167,20.8,20.86,45,45,0.79,CD,1687228045
88,micheweni,-4.9667,39.8333,24.76,79,4,3.91,TZ,1687228045
89,ntoum,0.3833,9.7833,24.87,88,91,1.17,GA,1687228045
90,mugia,43.1041,-9.2179,13.84,88,3,2.76,ES,1687228046
91,pastos bons,-6.6017,-44.0767,23.1,52,0,1.06,BR,1687227762
92,iqaluit,63.7506,-68.5145,5.85,75,100,1.54,CA,1687228047
93,jamestown,42.097,-79.2353,22.8,60,0,3.6,US,1687227876
94,nouadhibou,20.931,-17.0347,21.99,78,0,7.2,MR,1687228047
95,debno,52.739,14.698,17.3,78,75,2.68,PL,1687228047
96,pushkar,26.5,74.55,26.78,75,6,7.74,IN,1687228047
97,kiunga,-6.1219,141.2906,26.6,69,97,1.87,PG,1687228047
98,tiksi,71.6872,128.8694,8.56,81,100,4.85,RU,1687228047
99,dakhla,23.6848,-15.958,20.25,92,0,5.9,EH,1687228047
100,mount isa,-20.7333,139.5,20.87,23,8,3.09,AU,1687228047
101,keningau,5.3378,116.1602,29.16,62,97,0.57,MY,1687228048
102,san jose de feliciano,-30.3845,-58.7517,10.32,74,1,2.63,AR,1687228048
103,vadso,70.0744,29.7487,7.49,81,75,6.69,NO,1687228048
104,ust'-ilimsk,58.0006,102.6619,17.76,29,100,1.88,RU,1687228048
105,carnarvon,-24.8667,113.6333,19.16,65,0,5.18,AU,1687228048
106,isafjordur,66.0755,-23.124,4.69,93,100,3.86,IS,1687228048
107,owando,-0.4819,15.8999,21.45,98,96,0.44,CG,1687228049
108,marshfield,44.6689,-90.1718,23.02,56,0,2.06,US,1687228049
109,mirnyy,62.5353,113.9611,15.13,38,100,4.92,RU,1687228050
110,beloyarskiy,63.7119,66.6722,7.49,68,100,4.68,RU,1687228050
111,susuman,62.7833,148.1667,23.45,22,5,1.33,RU,1687228050
112,kargat,55.1956,80.2811,18.57,64,69,10.51,RU,1687228050
113,krasnoshchekovo,51.6708,82.7289,25.41,46,98,7.5,RU,1687228050
114,petropavlovsk-kamchatsky,53.0452,158.6483,9.33,87,75,3.0,RU,1687228050
115,las lomitas,-24.7096,-60.593,19.81,58,100,2.55,AR,1687228050
116,punta arenas,-53.15,-70.9167,2.06,80,0,7.72,CL,1687228019
117,udachny,66.4167,112.4,13.03,37,100,4.45,RU,1687228051
118,margaret river,-33.95,115.0667,11.96,64,87,7.35,AU,1687228051
119,la'ie,21.6477,-157.9253,29.98,65,9,1.79,US,1687228051
120,aripuana,-9.1667,-60.6333,24.73,63,33,0.14,BR,1687228051
121,papatowai,-46.5619,169.4708,12.01,90,100,5.23,NZ,1687228051
122,pacific grove,36.6177,-121.9166,19.37,75,0,8.49,US,1687228051
123,urangan,-25.3,152.9,19.64,34,1,4.85,AU,1687228051
124,merida,20.9667,-89.6167,34.01,38,0,5.66,MX,1687228030
125,cagnano varano,41.8287,15.7732,16.31,52,4,0.32,IT,1687228052
126,thompson,55.7435,-97.8558,19.09,94,75,1.54,CA,1687228052
127,tughyl,47.7252,84.2063,21.93,49,100,3.11,KZ,1687228053
128,dryden,49.7833,-92.7503,25.16,57,0,3.09,CA,1687228053
129,vorgashor,67.5833,63.95,4.06,75,100,4.9,RU,1687228053
130,machico,32.7,-16.7667,22.78,90,75,1.54,PT,1687228053
131,merritt,50.1123,-120.7942,7.96,86,100,0.89,CA,1687228053
132,shats'k,51.5021,23.9381,14.36,91,66,2.14,UA,1687228053
133,georgetown,5.4112,100.3354,31.96,72,20,1.54,MY,1687227782
134,happy valley-goose bay,53.3168,-60.3315,11.17,50,20,4.12,CA,1687228053
135,katsuura,35.1333,140.3,25.01,67,98,4.81,JP,1687228054
136,kidal,18.4411,1.4078,34.26,23,67,2.45,ML,1687227976
137,talakan,50.3167,130.3667,26.61,32,100,5.73,RU,1687228054
138,maxixe,-23.8597,35.3472,17.05,90,0,4.17,MZ,1687228054
139,aasiaat,68.7098,-52.8699,2.81,83,100,2.56,GL,1687228054
140,kousseri,12.0769,15.0306,26.98,78,100,3.09,CM,1687228054
141,kaa-khem,51.6833,94.7333,24.19,31,100,0.87,RU,1687228054
142,prince rupert,54.3161,-130.3201,14.83,94,100,6.69,CA,1687227811
143,port alfred,-33.5906,26.891,12.55,59,72,12.92,ZA,1687228055
144,rabo de peixe,37.8,-25.5833,17.73,88,40,0.0,PT,1687228055
145,hinton,53.4001,-117.5857,3.13,100,100,3.43,CA,1687228055
146,nova sintra,14.8667,-24.7167,21.19,84,66,2.24,CV,1687228055
147,ilulissat,69.2167,-51.1,6.01,65,75,1.03,GL,1687228055
148,nemuro,43.3236,145.575,12.39,78,53,1.66,JP,1687228055
149,cadale,2.7603,46.3222,25.84,79,100,8.17,SO,1687228055
150,malango,-2.9627,119.9001,23.92,83,97,1.23,ID,1687228055
151,utrik,11.2278,169.8474,27.94,78,75,6.46,MH,1687228055
152,touros,-5.1989,-35.4608,24.7,86,100,5.16,BR,1687228055
153,altai,46.3722,96.2583,20.86,17,100,7.63,MN,1687228055
154,itoman,26.1247,127.6694,30.21,84,75,5.14,JP,1687228056
155,wailua homesteads,22.0669,-159.378,27.24,75,40,5.14,US,1687228056
156,anadyr,64.75,177.4833,21.28,37,20,4.0,RU,1687228056
157,hinthada,17.6333,95.4667,28.49,74,87,3.36,MM,1687228056
158,alo,7.4178,6.7371,23.28,99,99,1.53,NG,1687228056
159,muli,2.9167,73.5667,28.39,76,16,5.71,MV,1687227936
160,remire-montjoly,4.9167,-52.2667,25.02,94,75,2.57,GF,1687228056
161,ivdel',60.6911,60.4206,7.38,70,100,5.05,RU,1687228056
162,aleksandrovsk-sakhalinskiy,50.8975,142.1561,14.54,69,7,4.42,RU,1687228056
163,port saint john's,-31.6229,29.5448,17.06,38,7,9.44,ZA,1687228057
164,hasaki,35.7333,140.8333,24.56,67,91,4.5,JP,1687228057
165,tura,25.5198,90.2201,24.86,93,83,3.15,IN,1687228057
166,new norfolk,-42.7826,147.0587,11.51,55,88,0.45,AU,1687228057
167,dunedin,-45.8742,170.5036,12.11,86,99,4.92,NZ,1687228057
168,sant'antioco,39.0664,8.4522,22.16,68,53,5.9,IT,1687228021
169,kone,-21.0595,164.8658,26.6,47,11,1.86,NC,1687228057
170,zhengzhou,34.7578,113.6486,30.27,47,37,2.74,CN,1687228057
171,labytnangi,66.6572,66.4183,7.11,69,82,2.71,RU,1687228057
172,kulim,5.365,100.5618,31.74,78,95,1.24,MY,1687228057
173,askoy,60.4092,5.226,17.24,90,100,0.51,NO,1687228058
174,nar'yan-mar,67.6713,53.087,5.19,70,21,4.9,RU,1687228058
175,labrador city,52.9463,-66.9114,8.95,87,0,0.0,CA,1687228058
176,sinabang,2.4803,96.3801,28.35,70,9,0.45,ID,1687228058
177,taoudenni,22.6783,-3.9836,34.65,11,0,5.3,ML,1687228058
178,la gi,10.6667,107.7833,30.05,69,44,4.24,VN,1687228058
179,sitka,57.0531,-135.33,17.94,63,0,3.09,US,1687228058
180,alagir,43.0422,44.2222,15.3,97,100,0.78,RU,1687228059
181,zhicheng,30.2956,111.5047,28.83,73,100,0.76,CN,1687228060
182,puerto ayora,-0.7393,-90.3518,25.31,93,2,1.34,EC,1687228060
183,afaahiti,-17.75,-149.2833,27.93,78,0,3.89,PF,1687228060
184,acapulco de juarez,16.8634,-99.8901,29.9,74,40,1.03,MX,1687227810
185,central,30.5544,-91.0368,31.09,79,68,2.48,US,1687228060
186,hermiston,45.8404,-119.2895,20.01,40,0,5.14,US,1687228025
187,lusambo,-4.9667,23.45,22.48,62,100,1.23,CD,1687228060
188,borgarnes,64.5383,-21.9206,10.03,91,100,4.24,IS,1687228061
189,wenchang,30.904,118.4887,27.86,78,100,2.98,CN,1687228061
190,geraldton,-28.7667,114.6,16.23,88,75,7.2,AU,1687228061
191,camana,-16.6228,-72.7111,18.52,81,32,4.27,PE,1687228061
192,puerto baquerizo moreno,-0.9,-89.6,24.94,85,3,4.31,EC,1687228061
193,rundu,-17.9333,19.7667,11.08,31,0,1.74,NA,1687228061
194,praia da vitoria,38.7333,-27.0667,19.14,88,100,1.75,PT,1687228061
195,claiborne,32.516,-92.1918,28.84,69,100,3.09,US,1687228045
196,queenstown,-31.8976,26.8753,4.21,61,8,8.15,ZA,1687228061
197,kirillov,59.863,38.3813,9.22,94,29,0.74,RU,1687228062
198,saipan,15.1355,145.701,32.39,100,40,5.66,MP,1687228062
199,nadi,-17.8,177.4167,27.0,57,20,5.14,FJ,1687228062
200,cockburn town,21.4612,-71.1419,28.45,77,68,8.72,TC,1687228033
201,folkston,30.8305,-82.0098,26.88,83,93,1.62,US,1687228062
202,pisco,-13.7,-76.2167,20.03,77,100,2.57,PE,1687228062
203,hawaiian paradise park,19.5933,-154.9731,25.02,86,100,2.06,US,1687228062
204,laascaanood,8.4774,47.3597,23.3,64,100,11.35,SO,1687228063
205,tazacorte,28.629,-17.9293,22.54,82,100,1.79,ES,1687228063
206,mananjary,-21.2167,48.3333,20.25,72,100,1.3,MG,1687228063
207,suwayr,30.1171,40.3893,23.52,22,1,4.38,SA,1687228063
208,nagqu,31.5,92.0,9.23,57,41,3.26,CN,1687228063
209,sorong,-0.8833,131.25,27.6,79,100,5.55,ID,1687228063
210,sunne,59.8376,13.143,14.18,88,98,0.83,SE,1687228063
211,san patricio,28.017,-97.5169,30.66,81,4,6.59,US,1687228063
212,okhotsk,59.3833,143.3,11.76,79,84,4.79,RU,1687228064
213,butembo,0.15,29.2833,13.87,98,86,0.53,CD,1687228064
214,revda,56.801,59.9303,4.81,70,96,4.83,RU,1687228064
215,college,64.8569,-147.8028,20.32,40,100,3.6,US,1687228064
216,seaside,36.6111,-121.8516,19.64,74,0,6.69,US,1687228000
217,guangshui,31.6199,113.9978,29.44,65,38,1.48,CN,1687228064
218,whitehorse,60.7161,-135.0538,22.23,32,75,3.6,CA,1687227525
219,pervomayskoye,43.919,46.7102,19.07,53,100,2.37,RU,1687228064
220,manggar,-2.8833,108.2667,28.05,74,100,2.75,ID,1687228064
221,olinda,-8.0089,-34.8553,23.85,94,100,2.57,BR,1687228064
222,great bend,38.3645,-98.7648,27.8,55,0,4.63,US,1687227860
223,mantua,45.1667,10.7833,22.58,80,83,0.45,IT,1687228065
224,agat village,13.3886,144.6585,31.52,71,40,4.63,GU,1687228065
225,jalai nur,49.45,117.7,25.62,27,2,6.0,CN,1687228065
226,harper,4.375,-7.7169,24.97,87,100,4.94,LR,1687228065
227,wakkanai,45.4094,141.6739,17.99,72,40,4.12,JP,1687228065
228,iskateley,67.6803,53.1512,5.18,70,21,4.93,RU,1687228065
229,itambacuri,-18.0311,-41.685,17.63,90,45,2.13,BR,1687228065
230,camocim,-2.9022,-40.8411,24.88,89,48,3.16,BR,1687228065
231,vorkuta,67.5,64.0,4.33,75,100,4.93,RU,1687228065
232,manismata,-2.4667,111.0333,24.0,96,100,0.85,ID,1687228065
233,rock springs,41.5875,-109.2029,23.69,20,0,13.38,US,1687227488
234,khovd,48.0056,91.6419,24.56,21,76,2.13,MN,1687228066
235,khabary,53.6259,79.5345,14.88,63,4,9.42,RU,1687228066
236,nadym,65.5333,72.5167,5.74,71,100,5.05,RU,1687228066
237,sainte-marie-aux-mines,48.2468,7.1853,19.73,78,0,4.12,FR,1687228066
238,chernyshevskiy,63.0128,112.4714,15.04,33,100,4.69,RU,1687228066
239,xilin hot,43.9667,116.0333,20.05,45,5,6.46,CN,1687228066
240,lebu,-37.6167,-73.65,11.44,82,100,1.57,CL,1687228066
241,ouesso,1.6136,16.0517,21.25,99,100,0.52,CG,1687228066
242,mejit,10.2753,170.8646,27.83,78,90,7.09,MH,1687228066
243,ambodifotatra,-16.9833,49.85,23.72,68,100,6.65,MG,1687228067
244,santa ana,33.7456,-117.8678,22.59,76,75,4.63,US,1687228021
245,arrifes,37.7667,-25.7,17.14,88,40,0.0,PT,1687228067
246,monte patria,-30.6919,-70.9467,13.97,70,100,1.07,CL,1687228067
247,arraial do cabo,-22.9661,-42.0278,20.96,60,100,2.6,BR,1687228067
248,turan,16.0678,108.2208,34.99,49,0,0.0,VN,1687227783
249,barra do corda,-5.5,-45.25,23.64,79,3,0.69,BR,1687228067
250,gadzhiyevo,69.2551,33.3362,5.9,76,4,1.22,RU,1687228067
251,chibougamau,49.9168,-74.3659,14.79,88,0,2.06,CA,1687228067
252,isangel,-19.55,169.2667,26.06,57,75,7.72,VU,1687228067
253,al ghayzah,16.2079,52.176,27.35,87,99,1.17,YE,1687228068
254,yuzhno-kurilsk,44.0306,145.8556,12.86,76,99,3.29,RU,1687228068
255,tongshan,34.1805,117.1571,28.35,56,0,3.78,CN,1687228068
256,sabang,5.8933,95.3214,27.99,72,31,5.94,ID,1687228068
257,makurazaki,31.2667,130.3167,23.94,78,99,6.09,JP,1687228068
258,antsiranana,-12.2787,49.2917,22.59,67,5,6.79,MG,1687228068
259,taroa,8.7058,171.2275,27.79,81,94,7.62,MH,1687228068
260,katsuren-haebaru,26.3369,127.8719,30.21,74,75,4.12,JP,1687228068
261,cukurca,37.2481,43.6136,14.77,53,0,0.88,TR,1687228068
262,ulety,51.3572,112.4849,23.91,28,2,6.73,RU,1687228069
263,rosales,15.8944,120.6328,30.97,67,11,1.57,PH,1687228069
264,midway,35.9535,-80.2181,20.63,97,100,4.38,US,1687228069
265,antsohihy,-14.8796,47.9875,19.73,66,5,2.93,MG,1687228069
266,tofol,5.3248,163.0078,28.88,84,75,1.54,FM,1687228069
267,jakobstad,63.6749,22.7026,12.24,89,70,2.37,FI,1687228069
268,hirara,24.8,125.2833,29.92,89,75,9.77,JP,1687228069
269,newman,37.3138,-121.0208,24.45,27,0,4.02,US,1687228069
270,murzuq,25.9155,13.9184,25.96,17,0,4.98,LY,1687228069
271,willowmore,-33.2926,23.4895,4.49,86,96,5.74,ZA,1687228070
272,tobelo,1.7284,128.0095,28.14,74,100,1.7,ID,1687228070
273,mkushi,-13.6202,29.3939,10.13,57,0,1.7,ZM,1687228070
274,mukalla,14.5425,49.1242,30.38,69,12,1.35,YE,1687228070
275,kabare,-2.4683,28.8242,15.77,89,100,0.57,CD,1687228070
276,valparaiso,-33.0393,-71.6273,15.0,63,0,1.54,CL,1687228025
277,mount gambier,-37.8333,140.7667,9.82,61,100,1.99,AU,1687228070
278,grand gaube,-20.0064,57.6608,22.22,74,65,0.89,MU,1687228070
279,chake chake,-5.2459,39.7666,23.59,82,1,2.96,TZ,1687228070
280,alofi,-19.0595,-169.9187,24.94,69,75,4.12,NU,1687228070
281,saskatoon,52.1168,-106.6345,19.99,37,40,3.6,CA,1687227622
282,quelimane,-17.8786,36.8883,19.97,94,0,0.0,MZ,1687228070
283,sal rei,16.1833,-22.9167,22.99,89,22,4.0,CV,1687228071
284,djibo,14.1022,-1.6306,28.58,54,95,8.74,BF,1687228071
285,la ronge,55.1001,-105.2842,18.12,48,20,1.54,CA,1687228072
286,mogadishu,2.0371,45.3438,25.89,77,97,6.82,SO,1687228072
287,mabaruma,8.2,-59.7833,23.3,94,47,1.27,GY,1687228072
288,porto novo,6.4965,2.6036,23.9,92,99,2.35,BJ,1687228072
289,cidreira,-30.1811,-50.2056,15.56,80,100,6.62,BR,1687228072
290,uturoa,-16.7333,-151.4333,26.89,77,6,2.71,PF,1687228072
291,alaghsas,17.0187,8.0168,33.6,26,99,2.9,NE,1687228072
292,chicomuselo,15.7667,-92.2667,27.36,61,91,1.86,MX,1687228072
293,castro,-24.7911,-50.0119,7.57,95,0,2.15,BR,1687228072
294,khandyga,62.6667,135.6,21.7,51,100,5.09,RU,1687228073
295,port lincoln,-34.7333,135.8667,13.73,60,11,5.71,AU,1687228073
296,palikir - national government center,6.9248,158.1611,31.47,66,75,5.66,FM,1687228073
297,bamboo flat,11.7,92.7167,28.05,81,100,6.95,IN,1687228073
298,magadan,59.5667,150.8,13.16,76,65,2.32,RU,1687227785
299,brookings,44.3114,-96.7984,29.19,51,0,6.69,US,1687227830
300,mutare,-18.9707,32.6709,10.35,38,0,1.41,ZW,1687228074
301,zapolyarnyy,69.4154,30.8136,6.6,73,0,1.67,RU,1687228074
302,howrah,22.5892,88.3103,31.0,84,40,5.14,IN,1687228074
303,shingu,33.7333,135.9833,23.32,87,100,3.07,JP,1687228074
304,chonchi,-42.6128,-73.8092,2.56,85,0,0.55,CL,1687228075
305,kerikeri,-35.2268,173.9474,17.17,84,37,2.66,NZ,1687228075
306,nanma,36.1817,118.1583,25.6,64,78,3.77,CN,1687228075
307,castillos,-34.1667,-53.8333,10.77,87,100,1.5,UY,1687228075
308,sao felix do xingu,-6.6447,-51.995,23.39,76,3,0.89,BR,1687228075
309,yurga,55.7231,84.8861,19.68,70,92,7.15,RU,1687228075
310,penzance,50.1186,-5.5371,15.38,95,100,2.87,GB,1687228075
311,turpan,42.9333,89.1667,38.23,11,86,0.65,CN,1687228075
312,nili,33.7218,66.1302,22.61,28,0,3.31,AF,1687228075
313,sao joao do paraiso,-15.3136,-42.0144,14.01,93,1,1.35,BR,1687228076
314,karelichy,53.5653,26.1378,14.77,97,100,0.89,BY,1687228076
315,vila franca do campo,37.7167,-25.4333,18.23,85,74,0.86,PT,1687228076
316,glassboro,39.7029,-75.1118,23.52,85,96,0.45,US,1687228076
317,namibe,-15.1961,12.1522,16.86,80,83,2.83,AO,1687228076
318,ugoofaaru,5.6667,73.0,28.42,76,99,6.65,MV,1687228076
319,suva,-18.1416,178.4415,24.71,73,75,3.6,FJ,1687228076
320,vuktyl,63.8567,57.3094,5.6,79,100,4.58,RU,1687228076
321,weno,7.4515,151.8468,30.97,74,75,2.57,FM,1687228076
322,kirovsk,48.6375,38.6428,12.85,64,3,1.51,UA,1687228076
323,qoryooley,1.7878,44.53,23.38,88,82,4.04,SO,1687228076
324,nguigmi,14.2495,13.1092,30.85,44,100,3.81,NE,1687228077
325,luderitz,-26.6481,15.1594,12.03,83,1,6.22,NA,1687228077
326,hamilton,39.1834,-84.5333,21.16,91,40,3.09,US,1687227807
327,douentza,14.9951,-2.9517,31.97,43,25,9.59,ML,1687228078
328,ayr,55.4627,-4.6339,15.17,94,75,3.09,GB,1687228078
329,pemangkat,1.1667,108.9667,28.09,77,92,3.43,ID,1687228078
330,nuriootpa,-34.4833,139.0,12.76,60,100,4.14,AU,1687228078
331,mili,6.0815,171.735,27.73,78,79,3.4,MH,1687228079
332,corner brook,48.9667,-57.9484,5.09,98,100,1.65,CA,1687228079
333,nehe,48.4833,124.8333,26.89,46,100,4.38,CN,1687228079
334,gunnison,38.7,-107.0673,19.47,29,0,3.15,US,1687228079
335,manokwari,-0.8667,134.0833,26.86,81,100,0.81,ID,1687228079
336,estevan,49.1334,-102.9842,19.11,77,100,2.57,CA,1687227911
337,san sebastian de la gomera,28.0916,-17.1133,22.2,83,40,1.03,ES,1687228079
338,bandrele,-12.9067,45.1914,23.86,88,5,3.6,YT,1687228080
339,galliano,29.4422,-90.2992,31.0,74,40,3.09,US,1687228080
340,santa terezinha,-29.9002,-50.0904,14.29,82,100,4.88,BR,1687228080
341,san luis de la loma,17.2706,-100.8939,29.42,76,11,2.23,MX,1687228080
342,tshabong,-26.05,22.45,5.69,73,0,4.11,BW,1687228080
343,wahpeton,46.2652,-96.6059,29.4,51,0,5.66,US,1687228080
344,lagoa,39.05,-27.9833,18.41,80,100,3.01,PT,1687228080
345,kolonia,50.9333,6.95,20.33,74,0,4.12,DE,1687227960
346,vila velha,-20.3297,-40.2925,21.08,81,40,4.12,BR,1687228080
347,saint-pierre,-21.3393,55.4781,20.82,56,75,3.6,RE,1687228080
348,fale old settlement,-9.3852,-171.2468,28.13,68,23,3.9,TK,1687228081
349,skikda,36.8762,6.9092,26.59,48,47,4.96,DZ,1687228082
350,yarmouth,41.7057,-70.2286,15.57,89,0,1.79,US,1687228082
351,saint-philippe,-21.3585,55.7679,20.77,75,74,4.74,RE,1687228082
352,qamdo,31.1667,97.2333,3.56,86,100,2.53,CN,1687228082
353,severnoye,56.3491,78.3619,14.49,73,99,8.93,RU,1687228083
354,sittwe,20.15,92.9,28.47,79,78,4.07,MM,1687228083
355,necochea,-38.5473,-58.7368,10.26,84,100,5.74,AR,1687228083
356,oswestry,52.862,-3.055,15.42,92,98,0.68,GB,1687228083
357,kiruna,67.8557,20.2251,14.51,77,100,0.0,SE,1687228084
358,pavlohrad,48.5167,35.8667,13.64,72,10,2.11,UA,1687228084
359,vallegrande,-18.4897,-64.1069,7.66,82,0,1.53,BO,1687228084
360,wajir,1.7471,40.0573,23.45,77,71,6.18,KE,1687228084
361,ares,-6.1944,-35.1603,24.05,91,100,3.7,BR,1687228084
362,colonia,50.9333,6.95,20.33,74,0,4.12,DE,1687227622
363,worthing,50.8145,-0.3713,18.2,85,99,1.34,GB,1687228084
364,ondjiva,-17.0667,15.7333,10.02,46,15,0.0,AO,1687228085
365,tabou,4.423,-7.3528,24.83,88,100,4.6,CI,1687228085
366,eraan,9.0629,117.7016,29.05,76,100,1.98,PH,1687228085
367,tommot,58.9564,126.2925,14.51,97,100,0.57,RU,1687228085
368,balashov,51.5502,43.1667,12.24,90,25,1.96,RU,1687228085
369,muyuka,4.2898,9.4103,24.78,99,100,0.43,CM,1687228085
370,igarka,67.4667,86.5833,3.48,95,100,2.97,RU,1687228085
371,san julian,21.0167,-102.1667,27.34,15,29,8.34,MX,1687228085
372,as sulayyil,20.4607,45.5779,26.14,13,98,2.54,SA,1687228085
373,charters towers,-20.1,146.2667,24.79,44,2,2.38,AU,1687228085
374,atafu village,-8.5421,-172.5159,28.23,67,11,4.43,TK,1687228086
375,gedzhukh,42.1279,48.0647,19.64,76,100,1.26,RU,1687228086
376,slave lake,55.2834,-114.769,10.99,87,100,9.77,CA,1687228086
377,coracora,-15.0333,-73.7833,9.64,43,0,2.1,PE,1687228086
378,calingasta,-31.3308,-69.4078,6.59,68,71,1.96,AR,1687228086
379,freeport,40.6576,-73.5832,20.99,83,40,4.63,US,1687228086
380,polyarnyy,69.1989,33.4478,6.03,76,3,1.18,RU,1687228086
381,erenhot,43.6475,111.9767,23.72,26,1,3.97,CN,1687228086
382,cestas,44.7435,-0.6791,19.96,91,0,1.54,FR,1687228087
383,east london,-33.0153,27.9116,13.76,47,2,10.65,ZA,1687228087
384,realico,-35.0366,-64.2447,8.79,97,100,2.05,AR,1687228087
385,pacocha,-17.5833,-71.3333,17.83,82,5,2.37,PE,1687228087
386,viqueque,-8.8673,126.3658,25.26,82,95,1.87,TL,1687228087
387,dehdasht,30.7949,50.5646,26.62,14,0,1.15,IR,1687228087
388,la passe,45.5549,-0.8967,21.13,94,100,4.13,FR,1687228087
389,paita,-5.0892,-81.1144,22.92,79,4,6.34,PE,1687228087
390,la sarre,48.8002,-79.1996,17.17,67,4,1.52,CA,1687228087
391,chikwawa,-16.0335,34.8009,16.74,55,0,1.46,MW,1687228087
392,kosh-agach,50.0,88.6667,17.54,45,19,1.01,RU,1687228087
393,muntok,-2.0667,105.1833,27.01,73,100,3.27,ID,1687228088
394,smithers,54.7804,-127.1743,22.18,24,20,3.6,CA,1687227782
395,linhares,-19.3911,-40.0722,19.28,79,0,2.91,BR,1687228088
396,vilyuysk,63.7553,121.6247,13.79,87,100,4.45,RU,1687228088
397,idabel,33.8957,-94.8263,25.79,87,0,1.55,US,1687228088
398,hilo,19.7297,-155.09,27.93,89,100,2.24,US,1687228088
399,belmonte,-15.8631,-38.8828,22.41,83,49,5.33,BR,1687228088
400,el calafate,-50.3408,-72.2768,-0.4,63,91,0.79,AR,1687228088
401,rio de janeiro,-22.9028,-43.2075,21.64,70,75,3.6,BR,1687228046
402,tamanrasset,22.785,5.5228,23.95,25,40,1.03,DZ,1687228089
403,langepas,61.2544,75.2124,7.2,91,100,11.11,RU,1687228089
404,cabo san lucas,22.8909,-109.9124,33.61,36,75,5.66,MX,1687228089
405,broome,42.2506,-75.833,21.41,72,100,1.81,US,1687228089
406,marsa alam,25.0757,34.8918,28.08,48,0,7.04,EG,1687228089
407,vilyuchinsk,52.9306,158.4028,10.15,89,100,1.01,RU,1687228089
408,vilhena,-12.7406,-60.1458,19.33,71,1,0.83,BR,1687228089
409,bardai,11.65,7.2333,24.04,74,100,2.64,NG,1687228090
410,ploermel,47.9317,-2.3978,17.36,97,100,2.4,FR,1687228090
411,tadmait,36.7441,3.9005,25.77,51,1,1.21,DZ,1687228090
412,dickinson,29.4608,-95.0513,31.18,84,20,4.12,US,1687228090
413,malanje,-9.5402,16.341,14.35,46,100,0.75,AO,1687228090
414,naze,28.3667,129.4833,24.51,88,84,1.38,JP,1687228091
415,wickenburg,33.9686,-112.7296,34.0,11,73,8.9,US,1687228091
416,kavieng,-2.5744,150.7967,29.09,73,98,3.88,PG,1687228091
417,duba,27.3513,35.6901,27.63,57,0,2.34,SA,1687228091
418,lankaran,38.7543,48.8506,23.04,83,75,3.09,AZ,1687228092
419,ha'il,27.5219,41.6907,27.01,26,0,0.0,SA,1687228092
420,constitucion,-35.3333,-72.4167,12.82,84,100,2.15,CL,1687227956
421,goole,53.7167,-0.8667,17.0,91,67,2.19,GB,1687228092
422,souillac,-20.5167,57.5167,22.21,83,40,2.57,MU,1687228092
423,cole harbour,44.6724,-63.4751,10.95,86,100,6.69,CA,1687228092
424,dire,12.2833,-10.9667,24.96,85,100,1.19,ML,1687228092
425,huarmey,-10.0681,-78.1522,20.66,81,10,4.22,PE,1687228092
426,portogruaro,45.7753,12.8386,21.75,86,29,2.56,IT,1687228092
427,nizhneudinsk,54.9076,99.0276,19.83,61,20,3.47,RU,1687228093
428,jieshi,22.8134,115.8257,29.38,79,44,6.69,CN,1687228093
429,santiago de cao,-7.9589,-79.2392,21.07,83,100,2.57,PE,1687228093
430,kuala terengganu,5.3302,103.1408,29.97,79,20,2.57,MY,1687228093
431,aflao,6.116,1.1914,25.07,94,20,2.06,TG,1687228093
432,sawakin,19.1059,37.3321,30.0,69,52,3.8,SD,1687228094
433,fort st. john,56.2499,-120.8529,16.94,34,75,5.14,CA,1687228094
434,conceicao da barra,-18.5933,-39.7322,20.35,73,0,3.57,BR,1687228094
435,yeppoon,-23.1333,150.7333,23.88,58,0,3.71,AU,1687228094
436,chulakkurgan,43.765,69.1814,23.72,47,4,3.29,KZ,1687228094
437,ubari,26.5921,12.7805,26.29,16,0,3.11,LY,1687228095
438,hailey,43.5196,-114.3153,8.33,49,0,7.13,US,1687228096
439,port shepstone,-30.7414,30.455,14.53,79,3,2.67,ZA,1687228096
440,cabezon de la sal,43.3089,-4.2302,18.25,87,95,0.71,ES,1687228096
441,kruisfontein,-34.0033,24.7314,11.05,74,99,12.03,ZA,1687228096
442,minas novas,-17.2186,-42.5903,14.67,92,3,1.13,BR,1687228097
443,angra do heroismo,38.65,-27.2167,19.34,88,100,2.2,PT,1687227799
444,condoto,5.0935,-76.6497,25.21,96,74,1.09,CO,1687228097
445,kirakira,-10.4544,161.9205,27.92,81,100,2.62,SB,1687228097
446,lubango,-14.9172,13.4925,9.92,57,14,2.06,AO,1687228097
447,qrendi,35.8347,14.4583,21.73,77,0,0.51,MT,1687228097
448,ola,59.5833,151.2833,13.56,74,34,3.3,RU,1687228097
449,latina scalo,41.5316,12.9458,22.73,61,6,1.4,IT,1687228098
450,sao joao da barra,-21.6403,-41.0511,19.67,74,60,4.95,BR,1687228098
451,port douglas,-16.4833,145.4667,23.86,65,41,2.5,AU,1687228098
452,el matama,16.7095,33.3565,32.1,36,76,4.64,SD,1687228098
453,krasnyy chikoy,50.3643,108.7512,23.84,38,98,1.95,RU,1687228098
454,chabahar,25.2919,60.643,28.7,80,0,2.41,IR,1687228098
455,wewak,-3.5534,143.6268,29.81,66,53,3.04,PG,1687228098
456,roma,43.2128,-75.4557,18.74,84,38,0.45,US,1687228099
457,manta,-0.95,-80.7333,26.67,89,75,8.05,EC,1687228099
458,akureyri,65.6835,-18.0878,5.96,93,100,4.12,IS,1687228099
459,meadow lakes,61.6247,-149.6011,21.69,51,0,2.06,US,1687228099
460,conception bay south,47.4999,-52.9981,6.62,97,100,3.43,CA,1687228099
461,oulad teima,30.3947,-9.209,19.6,91,41,0.87,MA,1687227977
462,astrakhan,46.3497,48.0408,14.95,47,0,3.13,RU,1687228099
463,sosnovka,56.255,51.2842,7.14,95,83,2.71,RU,1687228099
464,azul,-36.777,-59.8585,8.39,71,100,3.08,AR,1687228099
465,kulhudhuffushi,6.6221,73.07,28.66,75,93,6.75,MV,1687228099
466,krasnotur'insk,59.7666,60.2086,5.92,87,100,4.65,RU,1687228100
467,arar,30.9753,41.0381,25.01,27,0,8.75,SA,1687228100
468,yarkovo,57.4028,67.0786,4.24,98,100,9.58,RU,1687228100
469,kibungo,-2.1597,30.5427,19.51,84,32,1.11,RW,1687228100
470,porto seguro,-16.4497,-39.0647,21.29,88,100,2.06,BR,1687228100
471,arenapolis,-14.4503,-56.8461,20.25,57,0,1.03,BR,1687228100
472,jumla,29.2747,82.1838,17.52,82,96,0.94,NP,1687228100
473,port macquarie,-31.4333,152.9167,16.05,36,12,6.07,AU,1687228100
474,macusani,-14.0833,-70.4333,1.17,62,0,1.09,PE,1687228100
475,taltal,-25.4,-70.4833,17.3,64,1,2.84,CL,1687228100
476,yelizovo,53.1873,158.3805,10.08,87,75,3.13,RU,1687228103
477,gobabis,-22.45,18.9667,6.67,24,0,3.22,NA,1687228103
478,languyan,5.2618,120.0807,24.77,93,100,2.34,PH,1687228103
479,tolanaro,-25.0319,46.9987,21.04,60,20,6.17,MG,1687228103
480,nieuw amsterdam,5.8833,-55.0833,26.12,88,73,1.93,SR,1687228103
481,celestun,20.8667,-90.4,29.22,76,0,8.01,MX,1687228104
482,aktau,43.65,51.2,16.32,37,72,3.02,KZ,1687228105
483,selfoss,63.9331,-20.9971,10.02,90,38,2.51,IS,1687228105
484,bircotes,53.4193,-1.0491,17.22,1,89,1.52,GB,1687228105
485,champerico,14.3,-91.9167,28.58,72,100,0.43,GT,1687228105
486,luumaki,60.9262,27.5814,18.03,83,69,2.27,FI,1687228106
487,richards bay,-28.783,32.0377,18.75,72,100,5.98,ZA,1687227839
488,homestead meadows south,31.811,-106.1643,34.71,14,94,5.15,US,1687228106
489,crane,31.3974,-102.3501,37.2,12,18,3.61,US,1687228106
490,el granada,37.5027,-122.4694,18.83,68,0,9.77,US,1687228106
491,murun-kuren,49.6342,100.1625,21.4,39,100,1.68,MN,1687228106
492,ouadda,8.0777,22.4007,20.36,98,100,1.28,CF,1687228106
493,walvis bay,-22.9575,14.5053,7.53,70,0,4.63,NA,1687228106
494,betio village,1.358,172.9211,30.02,75,100,1.8,KI,1687228106
495,graaff-reinet,-32.2522,24.5308,6.07,69,44,2.06,ZA,1687227734
496,tadine,-21.55,167.8833,22.75,62,76,5.47,NC,1687228107
497,harstad,68.799,16.5293,17.36,73,100,0.5,NO,1687228107
498,sisimiut,66.9395,-53.6735,8.1,46,100,2.51,GL,1687228107
499,hithadhoo,-0.6,73.0833,28.76,72,97,5.03,MV,1687228107
500,dazuocun,24.8862,118.9643,27.71,85,100,8.67,CN,1687228107
501,flying fish cove,-10.4217,105.6791,26.82,89,75,3.6,CX,1687228107
502,zurrieq,35.8311,14.4742,21.65,77,0,0.51,MT,1687228107
503,proddatur,14.7333,78.55,27.36,70,100,7.71,IN,1687228108
504,lobito,-12.3481,13.5456,19.55,85,8,0.54,AO,1687228108
505,maragogipe,-12.7778,-38.9194,22.28,93,100,4.59,BR,1687228108
506,zaqatala,41.6336,46.6433,16.26,94,75,4.12,AZ,1687228108
507,ilebo,-4.3167,20.5833,21.12,83,16,0.56,CD,1687228109
508,neiafu,-18.65,-173.9833,26.38,65,20,3.09,TO,1687228109
509,durres,41.3231,19.4414,16.1,68,1,1.54,AL,1687228109
510,abilene,32.4487,-99.7331,32.12,37,0,5.66,US,1687228067
511,uttaradit,17.6667,100.5,26.29,70,94,1.91,TH,1687228109
512,borodulikha,50.7184,80.9295,23.79,49,100,5.57,KZ,1687228110
513,kismayo,-0.3582,42.5454,25.45,79,40,5.38,SO,1687228110
514,margate,51.3813,1.3862,17.05,83,98,0.89,GB,1687227959
515,thorpe hamlet,52.6303,1.3134,16.97,81,20,1.54,GB,1687228110
516,sur,22.5667,59.5289,30.99,59,61,1.43,OM,1687228110
517,aban,56.67,96.06,17.38,57,55,4.29,RU,1687228111
518,mossel bay,-34.1831,22.146,10.96,72,49,10.11,ZA,1687228111
519,antofagasta,-23.65,-70.4,16.6,66,3,2.52,CL,1687227963
520,pimentel,-6.8367,-79.9342,22.16,78,0,5.66,PE,1687228111
521,shadegan,30.6497,48.6647,23.97,16,0,5.69,IR,1687228111
522,rongelap,11.1635,166.8941,27.96,78,84,6.34,MH,1687228111
523,vikhorevka,56.1201,101.1636,15.77,45,59,3.94,RU,1687228111
524,tateyama,34.9833,139.8667,24.96,68,97,4.18,JP,1687228112
525,hohhot,40.8106,111.6522,23.16,49,0,2.0,CN,1687228112
526,ocean city,39.2776,-74.5746,21.14,89,96,2.24,US,1687227850
527,susanville,40.4163,-120.653,13.7,38,75,5.14,US,1687228112
528,rocha,-34.4833,-54.3333,8.38,94,100,1.35,UY,1687228112
529,lacy-lakeview,31.6293,-97.1028,33.18,66,0,4.12,US,1687228112
530,laojunmiao,39.8333,97.7333,24.42,12,77,1.94,CN,1687228112
531,manakara,-22.1333,48.0167,20.15,72,100,2.31,MG,1687228112
532,skvyra,49.7318,29.6657,14.44,89,85,1.24,UA,1687228112
533,raposa,-6.5167,-44.1833,22.58,51,0,1.19,BR,1687228112
534,nyurba,63.2842,118.3319,8.0,87,100,5.58,RU,1687228113
535,bazarnyy karabulak,52.2683,46.4144,10.84,72,99,2.78,RU,1687228113
536,rudbar,30.15,62.6,35.98,11,8,1.38,AF,1687228113
537,zima,53.9202,102.0442,20.29,58,39,2.76,RU,1687228113
538,macau,22.2006,113.5461,30.89,84,40,7.2,MO,1687228113
539,warman,52.3168,-106.5679,19.95,37,40,3.6,CA,1687228113
540,pasuquin,18.3328,120.6177,30.97,70,20,2.06,PH,1687228113
541,sa kaeo,13.75,102.3333,29.26,70,72,4.21,TH,1687228113
542,sadovoye,47.7764,44.5089,15.43,48,3,1.45,RU,1687228115
543,bonthe,7.5264,-12.505,24.79,89,27,2.23,SL,1687228115
544,hammerfest,70.6634,23.6821,17.25,59,100,2.06,NO,1687228115
545,kinablangan,7.6947,126.5503,29.14,68,90,2.21,PH,1687228115
546,ghadamis,30.1337,9.5007,28.1,15,0,5.65,LY,1687228115
547,novodvinsk,64.4165,40.8122,3.09,77,6,3.65,RU,1687228115
548,glendive,47.1053,-104.7125,21.79,68,100,3.6,US,1687228115
549,papao,-17.75,-149.55,28.82,78,0,3.48,PF,1687228115
550,marathon,44.9,-89.7668,24.74,57,0,3.6,US,1687228116
551,zhanaozen,43.3,52.8,17.77,35,18,4.06,KZ,1687228116
552,chegdomyn,51.1167,133.0167,26.26,39,100,2.89,RU,1687228116
553,singkil,-7.9855,111.4161,28.8,69,16,0.62,ID,1687228116
554,saudarkrokur,65.7461,-19.6394,5.05,98,100,5.0,IS,1687228116
555,jacksonville,30.3322,-81.6556,27.22,78,20,4.12,US,1687227889
556,pinheiro machado,-31.5783,-53.3811,7.25,97,100,2.66,BR,1687228116
557,nushki,29.5542,66.0215,31.8,36,0,2.84,PK,1687228116
558,tierra blanca,14.5833,-88.5833,21.49,96,97,0.73,HN,1687228116
559,westport,41.1415,-73.3579,19.96,84,75,4.12,US,1687227988
560,contamana,-7.3333,-75.0167,22.27,73,0,0.62,PE,1687228116
561,duong dong,10.2167,103.9667,31.0,84,20,3.6,VN,1687228117
562,porterville,36.0652,-119.0168,25.97,24,0,6.17,US,1687228117
563,undurkhaan,47.3194,110.6556,22.98,29,0,3.08,MN,1687228117
564,viveiro,43.6623,-7.5934,14.02,88,7,2.89,ES,1687228077
565,santa cruz,-17.8,-63.1667,19.7,77,0,6.69,BO,1687228117
566,moshi,-3.35,37.3333,18.05,91,63,0.43,TZ,1687228117
567,lysekil,58.2743,11.4358,16.73,89,100,3.26,SE,1687228117
568,makarska,43.2969,17.0178,21.67,75,3,2.09,HR,1687228117
569,las cabezas de san juan,36.9838,-5.9393,21.61,93,59,2.13,ES,1687228118
570,tete,-16.1564,33.5867,16.33,59,0,0.62,MZ,1687228118
571,lata,40.1629,-8.3327,18.78,99,81,1.08,PT,1687228118
572,ismailia,30.6043,32.2723,21.35,78,2,2.35,EG,1687228118
573,bom jesus do galho,-19.8289,-42.3161,15.33,82,0,1.5,BR,1687228118
574,aroeiras,-7.5453,-35.7075,22.94,97,34,1.43,BR,1687228118
575,verkhnevilyuysk,63.4453,120.3167,10.93,89,100,4.28,RU,1687228118
576,thabazimbi,-24.5917,27.4116,11.38,26,0,1.42,ZA,1687228118
577,toliara,-23.35,43.6667,19.11,78,0,1.91,MG,1687228118
578,komsomolets,53.7453,62.0708,7.98,74,9,6.9,KZ,1687228119
579,levuka,50.1834,-105.4011,21.84,60,69,2.85,CA,1687228119
580,touba,8.2833,-7.6833,21.32,98,100,0.57,CI,1687228119
